Model,Accuracy,Precision,Recall,F1,ROC_AUC
LogisticRegression,0.749510763,0.13986014,0.8,0.238095238,0.841255144
LogisticRegression_Tuned,0.745596869,0.137931034,0.8,0.235294118,0.840226337
RandomForest_Tuned,0.950097847,0.4,0.04,0.072727273,0.79149177
RandomForest,0.951076321,0,0,0,0.781779835
SVC,0.951076321,0,0,0,0.780308642
KNN,0.951076321,0,0,0,0.750617284
DecisionTree,0.935420744,0.214285714,0.12,0.153846154,0.548683128
