,count,mean,std,min,25%,50%,75%,max
id,5110.0,36517.82935420744,21161.721624827165,67.0,17741.25,36932.0,54682.0,72940.0
age,5110.0,43.226614481409,22.61264672311349,0.08,25.0,45.0,61.0,82.0
hypertension,5110.0,0.0974559686888454,0.29660667423379117,0.0,0.0,0.0,0.0,1.0
heart_disease,5110.0,0.05401174168297456,0.22606298750336543,0.0,0.0,0.0,0.0,1.0
avg_glucose_level,5110.0,106.1476771037182,45.28356015058198,55.12,77.245,91.88499999999999,114.09,271.74
bmi,4909.0,28.893236911794666,7.854066729680164,10.3,23.5,28.1,33.1,97.6
stroke,5110.0,0.0487279843444227,0.2153198569802376,0.0,0.0,0.0,0.0,1.0
