stroke,count,proportion
0,4861,0.9512720156555773
1,249,0.0487279843444227
